whitespace_ratio_avg,section_whitespace_avg_0,section_whitespace_avg_1,section_whitespace_avg_2,section_whitespace_avg_3,bbox_h_spacing_avg,bbox_v_spacing_avg,char_density_avg,block_density_avg_0,block_density_avg_1,block_density_avg_2,block_density_avg_3,line_spacing_avg,section_sep_avg,margin_left_avg,margin_right_avg,margin_top_avg,margin_bottom_avg,padding_avg
0.8610633633054566,0.9062826108562058,0.8440289792164036,0.8318058268481485,0.8622133341601298,90.6508875739645,1.0497041420118343,0.0,0.0,0.0,0.0,0.0,61.57142857142857,9.161702127659574,110.0,112.0,113.0,44.0,0.7907338097957273
0.8540530089389062,0.9034811830183366,0.8548765489515188,0.8077915232691533,0.8501472731218801,97.07381615598885,1.181058495821727,0.0,0.0,0.0,0.0,0.0,126.88888888888889,9.573991031390134,110.0,112.0,113.0,61.0,0.7832759925850806
0.8550009852216749,0.9119540229885057,0.8290903119868637,0.8338784893267652,0.8450811165845649,83.77985074626865,1.0099502487562189,0.0,0.0,0.0,0.0,0.0,37.22222222222222,9.735751295336788,97.0,97.0,125.0,74.0,0.7726316448620401
0.9010065639518743,0.9156388207914395,0.8925443627982926,0.8940289792164036,0.9018391054062154,95.95372948728848,1.4280981634214778,0.005016392953203251,0.0007063655948424625,0.0006864117644796811,0.0007023748287699063,0.0005946241448108866,98.1125,10.763546798029557,110.5,112.5,108.5,69.0,0.8127189106895254
0.8827527860736897,0.9090488396746783,0.8983350386010605,0.8540373505307,0.8696348660072966,90.22895557359507,1.2453617947677207,0.004590378674957867,0.00012371374824924486,0.00011573221610413228,0.00017958447326503284,0.00010375991788646342,72.44166666666666,8.883512544802867,110.0,108.5,114.5,84.0,0.7961410708850951
0.8834001601569104,0.8998147910420566,0.879695428848996,0.8751862875804834,0.8789321923541996,85.76506277752259,1.5569615104884398,0.0,0.0,0.0,0.0,0.0,114.875,10.972169374742904,106.5,110.5,91.0,52.5,0.797839668955979
0.8607950565382844,0.9063478325686174,0.8450841782159799,0.8330615239926001,0.8587645593691543,93.55604719764011,1.3982300884955752,0.0,0.0,0.0,0.0,0.0,41.61764705882353,10.24401913875598,110.0,109.0,113.0,61.0,0.762368898972659
0.8943147915607959,0.916311743221083,0.8890439132277101,0.8848143325168718,0.887126778904288,84.67420447360625,1.5031845373633224,0.004510563353506742,0.0006544856358992308,0.0005148088233597609,0.0006026056769559992,0.0005148088233597609,118.85,10.297498797498797,110.5,112.5,120.5,47.5,0.8072139515425518
0.8722622994652407,0.8926545454545455,0.8601411764705882,0.8539454545454546,0.8823080213903743,93.94285822226252,1.7096246259860368,0.0,0.0,0.0,0.0,0.0,126.72619047619048,10.758092485549133,108.0,99.5,96.0,84.0,0.7451814711598395
0.9165453513396986,0.9538784143048815,0.8971413511921371,0.9001431391395116,0.915082317923914,88.82700226299144,1.2831311404692536,0.008930336778862829,0.0006744394662620123,0.0013249343360886867,0.0011573221610413228,0.0010016822842116276,89.09239130434783,9.426160990712074,112.0,109.0,308.5,67.0,0.8348014757527353
0.8720574786504842,0.8957741506683673,0.8544595334800897,0.8662031438935913,0.8718336278795771,78.87344550781609,2.0163577582248022,0.0033791811719370347,0.0004429750340537477,0.000446965800126304,0.0002953166893691651,0.00048288269477931054,102.6969696969697,13.028936820003818,109.5,95.0,114.0,88.5,0.7508511590263494
0.8935676425140602,0.9155818812012391,0.8806188571605742,0.8863253030725824,0.8917821597990885,102.4594520329887,1.215256511324702,0.005311709642572416,0.0006943932966247937,0.0007861809162935882,0.0007382917234229128,0.000726319425205244,114.83333333333334,10.099552303996507,110.5,110.5,119.5,52.0,0.8138579096024158
0.9156568113472567,0.922121134319458,0.9065931851300655,0.9103396066515776,0.9235843694126644,89.60562710769894,1.8122892301069098,0.008141162788014822,0.0007702178520033632,0.0012131928860571108,0.0010495714770823031,0.0009378300270507271,218.0,11.187903225806451,111.0,110.0,116.5,148.0,0.8276512237652618
0.8736973034394446,0.9001942157658478,0.8593350489360163,0.8487623890284108,0.8865428538947281,82.51424287856072,1.3298350824587706,0.0,0.0,0.0,0.0,0.0,69.3,10.032863849765258,110.0,112.0,113.0,64.0,0.7925253552273411
0.8962522610919517,0.9206603750144937,0.874056676898273,0.874772372595831,0.9155613431308716,94.95235426388234,1.2816174132304283,0.004409796510174696,0.0003751320108202908,0.0007981532145112571,0.0006824209984071249,0.00043100273583607885,166.71666666666667,9.53487460815047,109.0,112.0,121.0,150.0,0.8146701360722743
0.9170598644611402,0.972844991800699,0.9038456370983577,0.8887390320280284,0.9029051561095092,85.33159722222223,1.25,0.007965569080822346,0.00031926128580450283,0.0013329158682337994,0.001564380300442064,0.0009178761966879456,35.0,10.93452380952381,109.0,112.0,425.0,58.0,0.8254943038646303
0.9048395721925133,0.9203010695187166,0.9069454545454545,0.8890016042780748,0.9031101604278076,95.62495340291831,1.3814625714488586,0.0050309054598270285,0.0006189344424638542,0.00043738033934112363,0.0007757311678880306,0.0006560705090116855,174.16666666666666,11.15239898989899,110.5,108.5,107.5,98.5,0.8211523231042464
0.8930008454965604,0.9144068692041867,0.8668171312454434,0.8775414811712452,0.9132744918588839,83.57158996274018,1.4932082933804915,0.0,0.0,0.0,0.0,0.0,97.45054945054946,12.249519828267992,113.5,109.5,127.5,188.5,0.7905632316229471
0.9048395721925133,0.9203010695187166,0.9069454545454545,0.8890016042780748,0.9031101604278076,95.62495340291831,1.3814625714488586,0.0050309054598270285,0.0006189344424638542,0.00043738033934112363,0.0007757311678880306,0.0006560705090116855,174.16666666666666,11.15239898989899,110.5,108.5,107.5,98.5,0.8211523231042464
0.898218034660685,0.9190267264083749,0.8767520334025776,0.888808792980498,0.9083201562645336,89.57992125984252,1.3393328520181396,0.004849778469674026,0.0005626980162304363,0.0007382917234229128,0.0006504948698266745,0.0005068272912146483,59.79166666666667,10.208204633204634,130.0,130.0,115.5,126.5,0.8129792580111093
0.8875630507978636,0.9019225911447549,0.874956851559028,0.8798685393606795,0.8935287673498074,82.19643230382457,1.4446190570139883,0.004712097040170834,0.00012770451432180113,0.000111741450031576,0.00012371374824924486,0.00013967681253947,119.125,9.30917675452038,109.5,110.5,79.5,107.5,0.8109542500398624
0.900066714813687,0.9236926670089944,0.8832532374249424,0.8914374890191094,0.901923852044771,100.00184986033047,1.3530832132784125,0.004665205538818298,0.0004589380983439728,0.0006744394662620123,0.0004629288644165291,0.0004429750340537477,63.08064516129032,10.666746411483253,114.5,104.0,107.5,82.5,0.8156978367230437
0.9215004965484583,0.9521293336204468,0.9042161452681404,0.912295497059705,0.9174133672319887,107.00483760880222,1.368728993050262,0.00876671536988802,0.0007781993841484757,0.0013887865932495874,0.0012850266753631238,0.0012810359092905676,167.0,9.313003748828491,112.0,107.5,296.0,78.5,0.841705537790661
0.9052027990754531,0.9297199814480462,0.8890764683388626,0.8882811934807098,0.9137754627476513,81.6232114735658,1.3876602924634422,0.004311025049878928,0.0003671504786751783,0.00043100273583607885,0.0004429750340537477,0.00033921511616728426,45.28947368421053,10.74408163265306,110.5,105.0,116.5,206.5,0.8148143398229346
0.9055654526345502,0.9453737100594657,0.8813578065089552,0.8915795946630287,0.9040187476100414,116.52109091506165,1.7250792243403446,0.007453753332017003,0.00031527051973194653,0.0006185687412462242,0.0003591689465300657,0.0004948549929969794,122.675,10.866054828786805,111.0,110.5,325.5,101.0,0.8012367482879958
0.912197192513369,0.9316914438502674,0.9098213903743315,0.9044764705882353,0.9027994652406417,93.10604188696345,1.5291816828157707,0.0,0.0,0.0,0.0,0.0,252.0,10.907894736842106,176.0,151.0,86.0,46.0,0.8221889055959828
0.89956202409798,0.9154343558993556,0.8834129124939283,0.894946723302225,0.9044812368875247,78.68153916876233,1.836569229243846,0.004008724519882789,0.0005148088233597609,0.0006305410394638931,0.0004709103965616417,0.0004589380983439728,264.5576923076923,11.511553420269962,111.0,112.5,98.5,66.5,0.81130651317714
0.8939149162536517,0.9185184111576751,0.8727606734257278,0.8893518949141681,0.895070742773282,95.26998326669217,1.3822182425111502,0.004972494526405131,0.0005986149108834428,0.0009178761966879456,0.0005986149108834428,0.0005148088233597609,86.76,11.244640352634743,110.5,110.5,120.5,103.5,0.8108821473634842
0.9107846396185184,0.9351354541087609,0.8987608387850226,0.8894542109777902,0.9198296799264151,101.14910858995138,1.6369529983792546,0.00815513046926877,0.00048687346085186684,0.0011972298217668856,0.0013488789325240245,0.0013169528039435742,186.33333333333334,10.224880382775119,111.0,93.0,115.0,65.0,0.8315443191161788
0.9019751048541813,0.9166414752116082,0.8878450583408262,0.8974012753335607,0.9060376812492895,88.65969128947609,1.4818476134415954,0.004221232813246411,0.0006065964430285554,0.0005387534197950985,0.0004908642269244231,0.0004549473322714165,170.2,11.24081898874174,109.5,107.0,133.5,77.0,0.8138855199916892
0.9053466456225931,0.9101912549071574,0.8929055695077461,0.9013135728976116,0.9169844665612501,100.62264658145668,2.54573189287888,0.0032065805392989754,0.0004589380983439728,0.00047490116263419795,0.0003112797536593903,0.0004389842679811914,151.75,13.328993933265926,111.0,71.0,99.5,164.5,0.7682324351843595
0.9055814786649593,0.9227205529144789,0.8928724976487975,0.8909073057803409,0.9158548558790397,92.05586752462767,1.9903877408869284,0.0039368907305767755,0.0004549473322714165,0.0006544856358992308,0.0005986149108834428,0.0004629288644165291,111.33333333333334,12.134506949908207,110.0,111.0,112.0,84.5,0.8065681891805194
0.922575274523316,0.9417616695101954,0.9229482528757015,0.9075507187961843,0.918073254167571,78.95541351010101,2.045770202020202,0.007924663728578644,0.0007382917234229128,0.0009059038984702768,0.0011054422020980912,0.001077506839590197,338.0,14.242071325174365,111.0,109.5,103.5,63.0,0.8324370145497186
0.8961135842320405,0.92240324410727,0.8778604574251492,0.87450159675069,0.9097339782345828,85.08943631622589,1.6115843479968577,0.0038630615582344843,0.00043100273583607885,0.0006744394662620123,0.0005347626537225423,0.0003671504786751783,51.33333333333333,11.678047745011593,110.0,109.0,138.5,131.0,0.8142457550750375
0.8965482256857977,0.9172621167447947,0.8815696731053442,0.8848670407920711,0.9025294804617658,94.69035624981235,1.6242306488069964,0.004644254016937377,0.0006265502733913368,0.0007382917234229128,0.0006704487001894559,0.000502836525142092,120.15178571428571,10.348150773957226,110.5,97.5,133.0,42.0,0.8156520489851133
0.9031395769024578,0.9251492852528531,0.8957094430492254,0.8922296633904856,0.8995075393503447,96.88295384810715,1.7947843705694395,0.004128447502059478,0.0004509565661988603,0.0005786610805206614,0.0005507257180127674,0.0005227903555048735,94.92857142857143,12.131914893617022,111.0,112.0,136.5,44.0,0.8116943813176698
0.8973473300891823,0.9115329587053387,0.8791156378218047,0.8905052759949978,0.9082596967723933,110.85147446203081,1.3728271781053523,0.004865741533964251,0.000921866962760502,0.0007582455537856942,0.0006225595073187806,0.0004589380983439728,137.91666666666669,10.006939459200765,109.0,84.0,88.5,86.5,0.8169332123675705
0.8688610610369462,0.906269152407613,0.8468421542182123,0.8559203794995814,0.8664765034777127,89.93026315789474,1.2473684210526317,0.0,0.0,0.0,0.0,0.0,54.23529411764706,10.39423076923077,110.0,112.0,113.0,36.0,0.7920587683138961
0.8799223823159475,0.9161072783289991,0.8483717276945814,0.8661747227648074,0.8890976549985015,99.57491856677524,1.4674267100977199,0.0,0.0,0.0,0.0,0.0,36.84,10.584615384615384,110.0,112.0,113.0,134.0,0.7915135209879381
0.9090747655676084,0.9213581438107701,0.9004821256937339,0.9064205913661778,0.9080591986275178,95.1065713101161,1.796455223880597,0.003991763764074425,0.0006504948698266745,0.0006544856358992308,0.0003551781804575094,0.0005467349519402111,129.95,11.881628787878789,107.5,110.5,114.0,82.0,0.8089597951410064
0.9211470191841924,0.9528850772722002,0.9069471573703738,0.9047432280201324,0.9200668671648116,111.39362691991822,1.3106052001607575,0.00863801316404808,0.0007502640216405817,0.0013768142950319185,0.0012770451432180113,0.001145349862823654,147.45,9.849801410391505,110.5,111.0,297.5,117.0,0.8375777413243319
0.8588350267379679,0.8872588235294118,0.8384171122994653,0.8668957219251336,0.842768449197861,83.03066625634713,1.411162156815334,0.0,0.0,0.0,0.0,0.0,138.575,12.263227513227513,110.0,110.5,99.0,57.5,0.7626508664147643
0.8818785919633076,0.9056904391181196,0.8681859051871144,0.8757857150239254,0.8778930125363016,93.47713803702797,1.4310328478977188,0.0,0.0,0.0,0.0,0.0,126.26666666666668,11.164916766401914,110.5,110.5,119.5,55.0,0.7924308505441857
0.9382800088711833,0.9380725016978351,0.9126835746545541,0.9418462365258012,0.960517367893426,92.27093963024933,2.040170626873437,0.0,0.0,0.0,0.0,0.0,158.0,12.779575298710517,109.0,111.0,86.0,525.5,0.8270486825037864
0.9040191991844302,0.9139906784714515,0.8889023243315868,0.8982688948831634,0.9149319443152575,87.82104348186013,1.5817000903716276,0.004540494099050914,0.0007183378930601314,0.0007343009573503566,0.0005507257180127674,0.0005347626537225423,64.7,11.734207650273223,110.0,110.0,86.5,126.0,0.8134385262048762
0.9140958242885346,0.924537961107154,0.9107126985603406,0.910393348422369,0.9107571388708027,81.86958090116089,1.5287207163313938,0.007784986916039174,0.0007981532145112572,0.0011692944592589915,0.0011493406288962103,0.0011972298217668856,135.125,12.755648984393924,109.5,112.0,86.5,61.5,0.8298322176877526
0.9111184721713151,0.9231341413923904,0.8944093055943116,0.9034436073130148,0.92350737399105,74.32267397594032,1.7404177751502612,0.004065592936416716,0.0004948549929969794,0.0007023748287699063,0.0005547164840853237,0.00042701196976352256,70.02777777777777,12.645523074094502,129.5,125.0,118.5,120.0,0.8146235647652327
0.9387191738012659,0.9630172185320767,0.9249144782397503,0.927026426482291,0.9399601070701433,65.72108799863037,2.277970381783941,0.005605030948905304,0.00047490116263419795,0.0010136545824292965,0.0006864117644796811,0.0006983840626973499,164.83333333333331,13.675375939849623,150.5,147.5,309.5,140.0,0.8295370711140226
0.9206570620770873,0.9634458183564956,0.9032503436372844,0.9021062640167841,0.9138989654709122,69.62035943659887,1.817113031890281,0.006846159197470308,0.0004549473322714166,0.001021636114574409,0.0011972298217668856,0.0010096638163567403,74.75,13.029610541158165,111.0,113.0,332.5,97.5,0.823488514036307
0.9040920486936287,0.9218775018910845,0.8773058147906999,0.8879180920293376,0.9292971885474909,90.58552035062462,1.5032910529993602,0.001759927837997322,0.00013568604646691372,0.00010642042860150094,6.917327859097562e-05,0.0,221.08333333333334,11.324781775601446,110.0,90.0,124.33333333333333,303.3333333333333,0.7899763686481136
0.8783949982242125,0.8989301568633947,0.8677647557333168,0.8614888537500387,0.8854313293853802,88.15455477170354,1.3718452435980402,0.010633228999958704,0.0011611857168544828,0.0015761799249399337,0.0016799284769612962,0.0015402669646248464,62.08971774193549,12.42,72.0,107.5,71.0,73.0,0.7838004278943973
0.8798446965846749,0.9068541837588776,0.8630658579841883,0.8684189843899464,0.8810859302692333,105.3563397336101,1.7393357550596782,0.004611959467332027,0.0006387479028549009,0.0007664974834258811,0.0007185913907117636,0.0005868496357479403,99.25,13.26808608058608,109.5,112.0,86.0,87.0,0.7664729291545362
0.8815513507617276,0.9012765856122973,0.8636984673260368,0.8761298690561085,0.8851341994026396,87.93111229160667,1.3680581068602238,0.01031200752158487,0.0010933501251482072,0.0016958897926568905,0.0018235803182216448,0.0012769052556475412,64.79086538461539,12.177055234425177,71.5,107.5,86.0,80.5,0.7869379794752268
0.9006049865084986,0.9312020103308669,0.8829251397293989,0.8810047517851511,0.9073068100402826,48.47419031679474,1.6247188079255674,0.00783070476861309,0.0008134761414625439,0.0011564121618830281,0.0012800286343601793,0.001084634855283392,87.46031746031746,12.856589147286822,102.0,62.5,236.0,135.5,0.7988862123032658
0.861785310126952,0.9012688211227244,0.8405729699562832,0.8316104961812338,0.8737564464287559,92.4185733512786,1.0524899057873487,0.0,0.0,0.0,0.0,0.0,106.14285714285714,9.883177570093459,108.0,89.0,113.0,79.0,0.7907444579687143
0.896318303846299,0.9175535439200941,0.8836991907729514,0.8716186607964117,0.9124381194514206,95.88720312957744,1.4104552434059663,0.004340955795423099,0.0004429750340537477,0.0007183378930601314,0.000614577975173668,0.0004549473322714165,109.55,10.571283585278564,80.5,80.5,117.0,155.0,0.8101829839112364
0.9241986855553253,0.9375522808964569,0.9124314017300716,0.9110180965078184,0.9358157897456567,94.4722319110181,1.7061727318528854,0.007490667918188148,0.0007023748287699062,0.0012810359092905676,0.0011653036931864352,0.0008300793430917074,133.72222222222223,10.674280368451353,111.5,111.0,114.5,211.0,0.8307510291762505
0.8943573122382522,0.9188807540044062,0.8763903099453281,0.8919697392490621,0.8902303661674883,93.88394153016795,1.4697283848227245,0.0051989705010227006,0.0008061347466563697,0.0007702178520033631,0.0005706795483755488,0.0006265502733913368,41.375,10.245022415611814,111.5,114.0,94.0,48.0,0.8180626562155355
0.9041150968825236,0.9131531488628646,0.893219235419961,0.9010510650172077,0.9090523878915657,94.62256262081698,1.5357388771861817,0.004124456735986921,0.000754254787713138,0.0007662270859308068,0.00027137209293382744,0.00043100273583607885,232.875,11.663261480787256,110.5,110.0,83.0,136.0,0.8140293859414975
0.895835196574772,0.9168216113696974,0.8799233146270631,0.8884129641687077,0.8982187703469444,81.5230776221972,1.5155399779529035,0.0044307479794270304,0.0005347626473706121,0.0007023748204270726,0.0005068272851945354,0.0006784302242761497,93.48888888888888,12.845851334884237,109.5,112.0,139.0,69.5,0.8067927888945664
0.8935081692969136,0.9135589919531943,0.8744711764675467,0.8878702798847989,0.8981665037926381,93.55721384099617,1.7526161398467432,0.0,0.0,0.0,0.0,0.0,62.3375,11.744980659421625,110.0,112.0,114.5,79.0,0.7978071086037675
0.8819434715380284,0.9138172715376588,0.8729069130520158,0.8598662656703769,0.8812379210202669,84.03448275862068,1.478448275862069,0.0,0.0,0.0,0.0,0.0,55.875,11.48663101604278,110.0,106.0,113.0,53.0,0.7916631361900863
0.8833426473864905,0.9090415928177437,0.8659194493535485,0.8708988311164853,0.8875546460794345,93.31594634873323,1.472429210134128,0.0,0.0,0.0,0.0,0.0,60.083333333333336,10.93298969072165,110.0,110.0,113.0,41.0,0.7955413041465514
0.9065485979032782,0.9283306554471518,0.8951761593236804,0.8860286898376378,0.9166961212910427,89.8592962868731,1.842279659368125,0.004055616021235325,0.0005108180572872045,0.000586642612665774,0.000754254787713138,0.0004908642269244231,186.91666666666669,12.582766479663395,110.0,110.5,120.0,78.5,0.812484382829964
0.8976759929547502,0.9109904797005185,0.8903838402629213,0.8858674645252638,0.9034849471367005,83.95284859624084,1.5687475972045943,0.003441038046061657,0.00014366757861202628,0.00015963064290225142,0.00011573221610413228,0.00013169528039435742,170.36666666666667,10.664021164021165,110.0,99.5,118.0,134.0,0.7939814281657063
0.909556192690786,0.916289485017641,0.893409915356711,0.9037588234686179,0.9247780568215876,85.84860958374063,1.4152793051482568,0.008441467934974684,0.0008620054716721577,0.0011972298217668856,0.0012371374824924485,0.0008181070448740385,117.95,10.380722337244077,130.5,116.5,118.5,130.5,0.8246627072561579
0.8730803361398439,0.9034890899899726,0.8429170479987176,0.8611899628233566,0.884777224523141,103.69647952853597,1.4510907775020678,0.0,0.0,0.0,0.0,0.0,53.41379310344828,12.221129141311696,106.5,108.0,100.0,110.5,0.7622019189186918
0.9020441176470588,0.9251459893048128,0.8821625668449198,0.8913016042780748,0.9095663101604279,76.06853974976875,1.9265554257338982,0.0,0.0,0.0,0.0,0.0,138.6,11.998396107406741,175.5,173.0,99.5,84.5,0.773125645665375
0.89823690401907,0.9042762667505921,0.8799703386765055,0.8981479758988828,0.9105633584472763,87.48973439887178,1.588741332706546,0.004446711096345841,0.0006864117644796811,0.0008779685359623828,0.0004349935019086351,0.00018357523933758914,68.375,10.438983050847458,122.5,89.0,98.0,87.5,0.8129870827489625
0.9092516981130124,0.9227003652415895,0.9037273018530576,0.9016303392966029,0.9089717752353786,88.33931688205585,1.736371063576946,0.004124456735986921,0.0005068272912146483,0.0007303101912778002,0.0005187995894323171,0.00042701196976352256,103.8,9.985169683257919,130.0,131.5,121.0,93.0,0.8153982537120308
0.9081072586027473,0.9323443789236553,0.9009845768007799,0.884045584045584,0.9150959256158773,79.21343132777811,2.00681146481128,0.004572752791470743,0.0006465041037541183,0.0006172384858887056,0.0007156773823450939,0.0005108180572872045,76.05555555555556,14.116761286834281,157.0,157.33333333333334,160.66666666666666,153.0,0.781771553010453
0.8500572109555882,0.8967225861954867,0.7833157851273793,0.811195755398654,0.9090744869730377,56.504559270516715,1.196048632218845,0.0,0.0,0.0,0.0,0.0,52.5,12.390728476821192,99.0,64.0,114.0,330.0,0.7231882247045655
0.8778637749316877,0.9225295314671431,0.8457270118502003,0.8387438581279161,0.9045310500020645,42.38844318626927,1.668687462165723,0.003240128170383714,7.970795007094008e-05,0.00018731368266670917,0.0001036203350922221,8.767874507803408e-05,117.66666666666667,15.65373154544223,111.0,88.0,139.5,261.5,0.7478207107826413
0.905611979819609,0.9265096238260091,0.8922012422617018,0.9056165317954918,0.8981562438636199,84.55480093381286,1.5569386081140766,0.00371739859658618,0.0003112797536593903,0.0004509565661988603,0.00027137209293382744,0.0005507257180127674,113.77142857142857,11.586543822070949,111.0,112.5,117.5,63.5,0.8105220239154073
0.9227454864753228,0.9548111883188948,0.9033113198772207,0.9179430337229612,0.9149712171477589,70.90321272488404,1.897438131753224,0.007188367388192009,0.00044696580012630393,0.0010535622431548594,0.0010735160735176408,0.0011852575235492169,139.35227272727272,12.139416460225709,111.0,107.0,303.5,72.0,0.8315870312200091
0.9104845392748894,0.9462210746881781,0.8921030601804484,0.9001601918167819,0.9035149185088726,102.08080808080808,1.4502164502164503,0.009272482085029671,0.0009737403179458747,0.0014925363889826111,0.0015563882131102095,0.0015484067350942596,59.666666666666664,9.497584541062801,89.0,84.0,59.0,20.0,0.8305464262842801
0.8842920604460509,0.905083256033526,0.8680784216455317,0.8744235678334832,0.8896185367769407,100.01512950947692,1.3201172117328506,0.0047729562227773175,0.0006465041037541183,0.0007861809162935882,0.0006584764019717871,0.0005626980162304363,48.44444444444444,9.696221632061807,107.5,96.5,78.5,76.0,0.8075420798052357
0.8473088934646364,0.8965749283596429,0.8289554460050228,0.8276367056294505,0.8361527093086948,69.27157001414427,1.4285714285714286,0.0,0.0,0.0,0.0,0.0,35.18181818181818,11.24083769633508,110.0,112.0,113.0,46.0,0.7366419095409147
0.8604921128666795,0.9036778834208478,0.8403435339348277,0.8456536342872497,0.8523672216537996,94.58690176322418,1.1171284634760705,0.0,0.0,0.0,0.0,0.0,155.14285714285714,9.375545851528384,110.0,108.0,113.0,54.0,0.7883250502445105
0.8961001430452457,0.9190205148167166,0.8929835984249527,0.8885964096363129,0.8838392294256865,76.89708737864078,2.0543689320388347,0.0,0.0,0.0,0.0,0.0,65.5,13.54375,110.0,112.0,113.0,34.0,0.7901901926908247
0.8667580322722895,0.9114755014824999,0.8452567719798675,0.8384749739042363,0.8719013218408623,106.1671270718232,1.2196132596685083,0.0,0.0,0.0,0.0,0.0,40.083333333333336,10.291866028708133,108.0,64.0,113.0,40.0,0.7842448053534117
0.8679969478166601,0.905926479601133,0.8562200932213024,0.8456329643754069,0.8642730908752674,101.41611624834874,1.2179656538969617,0.0,0.0,0.0,0.0,0.0,140.33333333333334,9.880184331797235,106.0,109.0,113.0,57.0,0.7887806743078031
0.9002987045280774,0.9246766866541882,0.8812007151789498,0.8967393214067942,0.8986197666366953,80.75698753782245,1.5215139237909636,0.004117472895359947,0.0005706795483755488,0.0006864117644796811,0.00034320588223984055,0.0005467349519402111,66.7487684729064,11.225787070415766,110.5,104.0,85.5,72.0,0.8076899151921542
0.7845159899048055,0.8036304141376606,0.7648282340311325,0.7825705024980387,0.7870305106263705,103.86387434554973,1.006282722513089,0.0,0.0,0.0,0.0,0.0,97.6,8.242753623188406,87.0,90.0,31.0,17.0,0.7308818865407957
0.9182054671510319,0.9740469347865697,0.9091309335565684,0.8887721038869769,0.9009673518742443,101.44460227272727,1.1633522727272727,0.008097264361216704,0.00028733515722405257,0.0009418207931232834,0.0013488789325240245,0.0011413590967510976,74.66666666666667,9.481865284974093,111.0,111.0,422.0,62.0,0.8354866170648398
0.9129013680543313,0.9693468304318299,0.8765520520054982,0.8871536497896837,0.9186494279601898,115.33204633204633,1.6023166023166022,0.006427128759851898,0.00014366757861202628,0.0003831135429654034,0.0005267811215774297,0.00027935362507894,61.333333333333336,12.140845070422536,149.0,151.0,415.0,174.0,0.7972381308991278
0.8586256684491979,0.8864213903743315,0.8384171122994653,0.8668957219251336,0.842768449197861,83.38966017563956,1.4090394370806743,0.0,0.0,0.0,0.0,0.0,170.75,12.1504329004329,110.0,110.5,99.0,57.5,0.762507670517004
0.8912375352378805,0.9198642560169619,0.8893033206213375,0.8705448588761768,0.8852866400024804,86.89648187179324,1.181092589044304,0.005064282146073926,0.0004988457590695357,0.0005826518465932177,0.0007622363198582506,0.0005307718876499859,97.9090909090909,10.712036474164133,111.5,111.5,95.0,63.0,0.8088040221453361
0.9020061229775538,0.9244566927829587,0.8838759185192075,0.8979650471790738,0.9017652104713774,83.17484609775632,1.499335381378725,0.00426513124004453,0.00042302120369096626,0.0005906333787383302,0.0004669196304890854,0.0005187995894323171,197.5,11.50686274509804,111.0,110.0,110.5,65.5,0.8116343730165645
0.9040610736509831,0.9269232123039208,0.8926575305656321,0.8961889850039789,0.9005136473092943,93.61341448260586,1.4848804101766158,0.004162369013676206,0.00042302120369096626,0.0006225595073187806,0.00048687346085186684,0.0005666887823029925,109.29166666666666,10.85802752293578,110.5,111.5,120.5,54.5,0.8113036035367704
0.8951960939911174,0.906924475327558,0.8977650657819944,0.8829721266238799,0.8931427567461425,74.89214008367165,1.368221579501331,0.004676180145517827,0.000502836525142092,0.0006065964430285554,0.0005547164840853237,0.0006504948698266745,43.920833333333334,10.92129491760969,114.5,115.0,56.0,46.0,0.8105691279392142
0.8718481063177197,0.905064103625913,0.8550243388211949,0.8549137547928358,0.872447007513513,77.95945945945945,1.5045045045045045,0.0,0.0,0.0,0.0,0.0,33.148148148148145,11.145833333333334,110.0,111.0,113.0,61.0,0.7790926849668923
0.8738543185372729,0.903048318126445,0.8578285531098598,0.8622654484723451,0.8723248587132435,101.00484764542935,1.4171073617056997,0.0,0.0,0.0,0.0,0.0,78.55357142857143,11.57075416200953,110.0,79.0,115.5,70.5,0.7674970259656089
0.9083728512841245,0.9198875494856802,0.8980027697681869,0.9069233869717546,0.9086973821556651,75.48245892951775,1.7923158452570218,0.007743083872277333,0.0007702178520033632,0.0010934699038804222,0.001089479137807866,0.0010176453485018528,99.83333333333333,13.169444444444444,111.0,106.0,86.0,70.5,0.8276556118346355
0.9031318223716147,0.948355274055424,0.8709592906086255,0.8986492212610713,0.8946408086069513,87.81170292254657,1.3026262163125986,0.008002483666993491,0.0001077506839590197,0.00026339056078871485,0.00021550136791803943,0.0002554090286436023,105.78030303030303,8.384775498067203,109.5,113.0,293.5,80.5,0.8169166038577351
0.917499417117765,0.9520340892150205,0.8971832077636188,0.9032229560040926,0.9176164491158445,88.59743378481572,1.3978336883565774,0.00834868262378775,0.0005507257180127674,0.0011293867985334289,0.0011493406288962103,0.0011573221610413228,185.0,9.729496738117428,115.5,110.5,290.5,102.5,0.8319513703046784
0.873266926977651,0.9084887611601596,0.8519837947891152,0.8468896950154507,0.8857656652094379,86.16973684210527,1.2210526315789474,0.0,0.0,0.0,0.0,0.0,29.725,9.990654205607477,110.0,85.0,113.0,54.0,0.7895234313689449
0.866855739360913,0.9076916068973514,0.8482652776485908,0.8379819965067848,0.8735538812926963,90.84065934065934,1.3173076923076923,0.0,0.0,0.0,0.0,0.0,34.05555555555556,11.025773195876289,83.0,81.0,113.0,61.0,0.7863773171828822
0.8963939105220196,0.9219591153037054,0.8723844810301884,0.8879840634979692,0.9032916834609701,101.12671971286728,1.3137508263051185,0.0046432563254192386,0.0005946241448108866,0.0007742086180759194,0.0005626980162304363,0.0005547164840853237,89.62280701754386,11.000968357883252,111.0,109.5,105.5,98.0,0.8124125216104741
0.9174234227155023,0.9558045253515761,0.9000382393369093,0.9034684112072262,0.9104481236887525,105.86292560474669,1.2740940209949794,0.009056045910148351,0.0006544856358992308,0.0015643803004420638,0.0014087404236123688,0.0014646111486281569,70.41883116883116,9.127582282913165,105.0,111.0,289.0,65.0,0.8385230711384434
0.8686514302198203,0.9018558165344288,0.852223565766492,0.8431288045556485,0.8774542936574375,80.09311224489795,1.1441326530612246,0.0,0.0,0.0,0.0,0.0,74.66666666666667,11.120418848167539,110.0,112.0,113.0,77.0,0.7849548602488698
0.8995094225304274,0.9263558869324676,0.8817923914054506,0.9013326925660663,0.8886026106098657,82.71965830660056,1.4481639447846797,0.004431745723573755,0.0004629288644165291,0.00048687346085186684,0.0006265502733913368,0.0005307718876499859,135.4,10.657473420888056,111.0,98.5,147.0,28.5,0.8088382615895651
0.9014250501330419,0.9229716047439995,0.8979113054082823,0.8799450180344981,0.9049091040626711,90.59720444011168,1.3300621320375794,0.004330978880241709,0.0005626980162304363,0.0005307718876499859,0.000642513337681562,0.0005267811215774297,135.91666666666666,10.972197705207414,110.5,102.5,118.5,108.5,0.8091773094109844
0.904606217169255,0.9436587931291514,0.8844975661178804,0.8905926063725338,0.8997426595975568,101.02257766092121,1.0813467718375693,0.009630716224596457,0.0007662270859308068,0.0016042879611676266,0.0015484172361518388,0.0011852575235492169,166.73636363636362,9.28231998092513,100.0,79.0,307.0,102.5,0.8294452866432513
0.9168808858548606,0.9336884369639261,0.9009829318359264,0.9195712535095475,0.9133096519666393,69.19960861056751,1.3620352250489236,0.0,0.0,0.0,0.0,0.0,115.0,10.623115577889447,110.0,110.0,114.0,86.0,0.7943829744199961
0.9181565019564878,0.9337112265784916,0.9035382443730902,0.9219900620989551,0.9134130640482727,73.69338677354709,1.3947895791583167,0.0,0.0,0.0,0.0,0.0,117.2,10.465346534653465,110.0,110.0,114.0,86.0,0.7948789027627277
0.8981780570752854,0.9217808633534711,0.8825797177884293,0.8667876588021779,0.921604335034462,91.855,1.2966666666666666,0.0,0.0,0.0,0.0,0.0,247.75,9.457399103139014,0.0,1.0,115.0,92.0,0.7729995280584785
0.9003102912889542,0.9036154687616538,0.8904959126374734,0.8939881386342367,0.9131472949984747,84.77007299270073,1.3886861313868613,0.0,0.0,0.0,0.0,0.0,135.0,9.723981900452488,110.0,109.0,114.0,51.0,0.7734806818492483
0.9140883282420531,0.9346447383677594,0.8997752147087092,0.9013487117477443,0.9206197873066071,87.52364549627512,1.8979042817367748,0.0032764189455687103,0.000446965800126304,0.00041903043761840997,0.0003591689465300657,0.0003711412447477346,158.58333333333331,12.146962081454653,114.0,135.0,138.5,180.5,0.8127632394342862
0.8799223823159475,0.9161072783289991,0.8483717276945814,0.8661747227648074,0.8890976549985015,99.57491856677524,1.4674267100977199,0.0,0.0,0.0,0.0,0.0,36.84,10.584615384615384,110.0,112.0,113.0,134.0,0.7915135209879381
0.8740154976883744,0.9137385913766544,0.8589464545933712,0.8554759763949606,0.8679688711127647,92.03776223776224,1.2937062937062938,0.0,0.0,0.0,0.0,0.0,66.16666666666667,11.09375,110.0,112.0,113.0,70.0,0.7883956111018651
0.8514996119095781,0.9020139803926444,0.832622375272103,0.8319150366337299,0.8395334046876697,103.88849347568208,1.0688018979833926,0.0,0.0,0.0,0.0,0.0,102.0909090909091,10.502463054187192,110.0,110.0,114.0,63.0,0.7607177038425236
0.8726289875736228,0.9065352155836411,0.8577041928916174,0.8583077543174278,0.8680267468659246,112.7147102526003,1.4903417533432393,0.0,0.0,0.0,0.0,0.0,157.0,10.653465346534654,110.0,105.0,113.0,38.0,0.7904686435485909
0.8655873565993384,0.901264680061619,0.8538451203505617,0.8502433882119492,0.8570572246509368,101.15870967741935,1.1458064516129032,0.0,0.0,0.0,0.0,0.0,37.470588235294116,9.662162162162161,110.0,91.0,113.0,51.0,0.788682628095467
0.8740553042800357,0.9117601994335028,0.8618950175177503,0.856290370921568,0.86634008205955,103.71350613915416,1.2728512960436562,0.0,0.0,0.0,0.0,0.0,95.2,11.397849462365592,110.0,109.0,113.0,76.0,0.7942735975162425
0.8885218985366167,0.9630834755097646,0.8597928874833349,0.868153866823758,0.8631848200167427,90.91193181818181,1.1647727272727273,0.0,0.0,0.0,0.0,0.0,209.75,10.64,110.0,112.0,425.0,26.0,0.7971723859380201
0.8881579525557124,0.9168485282668831,0.8745222666625326,0.8765592864746432,0.8847507725379551,82.45521292217327,1.6167400881057268,0.0,0.0,0.0,0.0,0.0,119.5,12.344827586206897,110.0,112.0,113.0,53.0,0.7919927048345974
0.8368592976831838,0.900081736539337,0.8088671985952953,0.8207916957161671,0.817804632426989,95.04114713216957,1.0498753117206983,0.0,0.0,0.0,0.0,0.0,31.4,11.171875,111.0,98.0,114.0,56.0,0.7479975817140712
0.8453005107895862,0.9080791255417713,0.8071767984653647,0.8201043427903681,0.8459490902322119,93.21525215252153,1.0947109471094711,0.0,0.0,0.0,0.0,0.0,95.0909090909091,10.766497461928934,106.0,102.0,114.0,61.0,0.7434647315384595
0.8880434439835956,0.9647854516241242,0.8526865717917713,0.8516272388098265,0.8832056966277039,88.63914780292943,0.9134487350199734,0.01022528383663761,0.0004230601431239604,0.0018917972437807286,0.0017082051061986325,0.0015405775023193274,96.57142857142857,9.966480446927374,98.0,99.0,424.0,115.0,0.8006712375903482
0.8708834426808344,0.9126588096933959,0.8618908835353817,0.8465496749656363,0.8625058134127058,99.88789808917197,1.045859872611465,0.0,0.0,0.0,0.0,0.0,60.13333333333333,9.893518518518519,110.0,112.0,113.0,58.0,0.7927272987642965
0.8847159747988087,0.92728607278329,0.8677435690736779,0.8594590684070732,0.8844479583294578,119.41912632821723,1.062573789846517,0.010860796886554213,0.0006943886306303263,0.0014765735249035673,0.0019873881497350717,0.0015084994389555364,108.92307692307692,7.641577060931899,110.0,111.0,115.0,64.0,0.8048702237830193
0.8790675745326731,0.9141071458150436,0.8597711840758999,0.867678458851373,0.8747734060914231,107.7406340057637,1.4495677233429394,0.0,0.0,0.0,0.0,0.0,111.45454545454545,11.401069518716577,110.0,111.0,113.0,53.0,0.7925169880929298
0.8339596089627512,0.9032601044442233,0.8076307538263745,0.8067970745298352,0.8181985508966937,179.22428748451054,1.681536555142503,0.0,0.0,0.0,0.0,0.0,94.25,14.775229357798166,165.0,164.0,170.0,76.0,0.6940442952401504
0.8307160068508695,0.8976681684914942,0.8151975526824378,0.7999090523878916,0.810203701981211,108.07180020811654,0.7159209157127991,0.0,0.0,0.0,0.0,0.0,34.857142857142854,8.347490347490348,109.0,107.0,113.0,34.0,0.7616915958259425
0.8866906417112299,0.9210438502673797,0.8756834224598931,0.8680737967914438,0.8819614973262032,83.81481481481481,1.2083333333333333,0.0,0.0,0.0,0.0,0.0,106.25,11.951807228915662,176.0,173.0,108.0,55.0,0.7860733787754635
0.8893756723824452,0.9619829885209786,0.851389534823634,0.8610630535660765,0.8831912276894139,96.09443725743856,0.9805950840879689,0.010037672408066843,0.00038307157669426235,0.0018834352520801232,0.0017557447265153692,0.0016998801215807892,73.07142857142857,10.32183908045977,109.0,104.0,428.0,90.0,0.7862786090313203
0.8986348406935032,0.927145276705703,0.8839322440289792,0.8850990605525068,0.8984115172748788,120.4407894736842,1.1565789473684212,0.0098412291349238,0.0005267811215774297,0.0017798816683601032,0.0017080478790540902,0.0017160294111992027,58.25,8.826446280991735,111.0,113.0,115.0,61.0,0.828589907253815
0.875194703345253,0.9072650776034851,0.86685166237766,0.854403207970318,0.8723136865821267,88.09883720930233,1.5159883720930232,0.0,0.0,0.0,0.0,0.0,115.6,10.381642512077295,106.0,110.0,113.0,44.0,0.7952077284113037
0.9005745073417313,0.9729795762866277,0.8770336609514361,0.872089418038632,0.8803191434388532,98.6472081218274,0.983502538071066,0.009859187582250304,0.0003591689465300657,0.0015484172361518388,0.0016841032826187526,0.001636214089748077,48.75,7.28515625,60.0,58.0,425.0,18.0,0.8276283672256666
0.9191106793847865,0.9743305974722963,0.9061844376233735,0.8880011161752395,0.9080209592906087,113.84857571214393,1.272863568215892,0.008398567199694703,0.00027935362507894,0.001636214089748077,0.0016601586861834147,0.0014286942539751503,170.25,10.005524861878452,119.0,107.0,425.0,81.0,0.8317782378617489
0.8977141193980623,0.920868463335045,0.887207391560475,0.8930693785591004,0.8897508242127348,116.38788659793815,1.0876288659793814,0.009418207931232834,0.0007103563609150188,0.0016841032826187526,0.0013887865932495874,0.0006624671680443434,65.6875,8.706122448979592,111.0,112.0,115.0,66.0,0.8282311200596002
0.8860696573996577,0.9568066621391065,0.8658460711665065,0.852786820864209,0.8689599933856282,72.81175059952038,0.9268585131894485,0.01038084069552212,0.0004548974973244365,0.001819589989297746,0.0021308356453618345,0.0017796867000587605,132.57142857142858,10.638418079096045,87.0,87.0,412.0,24.0,0.7941573578676091
0.8850739756393998,0.9176891636712992,0.8745997788319433,0.8646368813237012,0.88342583118883,88.30155979202773,1.5892547660311958,0.0,0.0,0.0,0.0,0.0,207.16666666666666,13.35625,110.0,111.0,113.0,65.0,0.7900652837445095
0.9418390701141408,0.9580308529945554,0.939580974245221,0.9304419315308607,0.9393301999472599,45.65955766192733,0.8554502369668247,0.0,0.0,0.0,0.0,0.0,85.375,6.3698224852071,52.0,51.0,57.0,24.0,0.39379388121700915
0.8977217446867247,0.9158619204584983,0.8879732117942517,0.8811676433200013,0.9059152120216207,79.95486358843547,1.6652565648657351,0.004151394406976676,0.0005267811215774297,0.0006624671680443434,0.00055870725015788,0.0005427441858676549,69.125,13.384448704058672,110.5,110.0,118.5,126.5,0.8107232494326209
0.8775127910986258,0.9115179473588312,0.8616996868508355,0.8647412643785074,0.8721503942785684,96.00976290097628,1.2524407252440726,0.0,0.0,0.0,0.0,0.0,177.0,10.959390862944163,109.0,112.0,113.0,36.0,0.792231347338828
0.8912281005586882,0.916040503718673,0.882607302679854,0.8798292665281782,0.8864777436724232,97.81019039463658,1.654645218667214,0.0036834770849694517,0.00013169528039435742,0.00012371374824924486,0.00013967681253947,0.00012371374824924486,88.0,12.645582706766918,96.5,97.5,100.0,122.5,0.7916405758652241
0.8787579102676709,0.9057665311159331,0.8708926301429325,0.8550284728035635,0.883390175590901,70.49364478114478,1.5689814814814815,0.003551781804575094,0.00019953830362781427,9.976915181390713e-05,0.00020751983577292683,5.187995894323171e-05,138.33333333333334,12.330604178430265,110.5,112.5,99.0,136.5,0.7622755191885233
0.8501243315508021,0.9121433155080214,0.832807486631016,0.8237187165775401,0.831827807486631,109.82304526748972,1.3689986282578874,0.0,0.0,0.0,0.0,0.0,191.8,9.453271028037383,110.0,91.0,114.0,23.0,0.753063073492124
0.9060786733341846,0.9361448377532259,0.894155582426441,0.9012836015254395,0.8927820667844851,109.0548128342246,1.108288770053476,0.009168785051698066,0.00043100273583607885,0.0012052113539119983,0.0014366757861202627,0.0012211744182022233,157.0,9.605381165919283,111.0,97.0,115.0,60.0,0.8306107845225608
0.9120606476687554,0.9561425394643124,0.8958494817019605,0.8975702518628759,0.8987556713070619,81.89033367413327,1.296900269541779,0.008823583786421948,0.0006265502733913368,0.001328925102161243,0.0010296176467195217,0.0012930082075082365,47.609848484848484,9.141921986772843,111.5,79.5,320.5,56.5,0.8340376575883617
0.8754834224598931,0.9081818181818182,0.8546620320855615,0.8687336898395722,0.8703561497326203,97.10733452593918,1.5992844364937389,0.0,0.0,0.0,0.0,0.0,389.0,12.605095541401274,98.0,100.0,114.0,83.0,0.7575584219580832
0.8942643871103154,0.9253480561859171,0.8883933277524572,0.8766057937762896,0.8867635052036502,100.99773134571521,1.4289324698598893,0.004747016243305702,0.0006185687412462242,0.0006904025305522374,0.0007781993841484757,0.0006065964430285554,234.7,10.835463582876852,84.0,83.0,110.5,60.5,0.8114001185048081
0.8723071745436329,0.9127385251196767,0.8488843415082835,0.8532890997219897,0.87438584524437,78.62376237623762,1.3663366336633664,0.0,0.0,0.0,0.0,0.0,36.75,10.485294117647058,84.0,82.0,113.0,62.0,0.7883855336838438
0.9057896878180973,0.9287059391098376,0.8980441095918725,0.8891999710621235,0.9072479045876869,78.35171188663325,1.4785175509042299,0.004311025049878928,0.0005746703144481051,0.0006504948698266745,0.0003871043090379597,0.0006744394662620123,197.54166666666666,11.600924405522107,114.5,115.5,135.0,88.0,0.8118242982497914
0.896395978396911,0.9111209231253417,0.8843709629078431,0.8873066071373206,0.9028105912628284,91.32851535668728,1.2939718051875837,0.004835810788420079,0.0006345318055364494,0.000782190150221032,0.0006544856358992308,0.00055870725015788,99.87272727272727,10.30428166286228,111.0,110.0,107.5,79.5,0.8091981872220504
0.9016658283157211,0.9242454986665782,0.8866901270166083,0.8916710590229333,0.90409522628386,79.86051582385403,1.5620824417164094,0.004269122006117086,0.0005267811215774297,0.0007223286591326877,0.0005946241448108866,0.0004509565661988603,114.9047619047619,10.413363171355499,110.5,106.5,124.5,104.0,0.8136346930110625
0.8881964667255666,0.9113140000993855,0.8705329736768672,0.8727115823851012,0.8982668278919791,69.96084828711255,1.629690048939641,0.0,0.0,0.0,0.0,0.0,30.31578947368421,11.806629834254144,110.0,112.0,113.0,63.0,0.7890821870734689
0.8686744353279883,0.9116690960891819,0.848764456019595,0.8556847425045733,0.858652941845203,88.1443736730361,0.9426751592356688,0.0,0.0,0.0,0.0,0.0,183.0,8.602409638554217,110.0,112.0,113.0,58.0,0.7964511348749918
0.9012743537503238,0.9212980984247403,0.8885917589061483,0.8964132535474736,0.8988285327463079,89.0964392258854,1.4960776932770234,0.004859755384855417,0.0004509565661988603,0.0007183378930601314,0.0006744394662620123,0.0005347626537225423,78.36956521739131,11.292351837545525,109.5,110.0,120.0,70.0,0.8141799555794424
0.878469700204668,0.9171570373192427,0.8719168242747445,0.845815893095216,0.8790551783296644,73.31550802139037,1.3770053475935828,0.0,0.0,0.0,0.0,0.0,71.92857142857143,11.740540540540541,110.0,109.0,113.0,29.0,0.7903865355185677
0.8975507572816337,0.9179453918272018,0.8865366529211753,0.8874295931127854,0.8983262538885272,101.23186883482904,1.1209189349551287,0.005080245210364151,0.0006185687412462242,0.000754254787713138,0.0007662270859308068,0.0006824209984071249,74.50396825396825,10.162613283131211,110.5,112.5,107.0,61.5,0.8157059821009784
0.8944042271498531,0.9126070464295771,0.8828465569094348,0.8839870192953627,0.8982074018954309,76.3415372985894,1.4497103433512761,0.004578406376740198,0.0005148088233597609,0.0006943932966247937,0.0005307718876499859,0.00047490116263419795,103.5340909090909,10.990107822195096,108.5,85.0,96.0,55.5,0.8081511543417681
0.9001504637467929,0.9206319052193934,0.8827122024824564,0.8908830186339256,0.9064097396624604,98.7661743569829,1.3636753119849057,0.004768965456704761,0.0004669196304890854,0.0006664579341168997,0.000586642612665774,0.000586642612665774,84.9121212121212,10.112798020692757,111.0,111.5,110.0,88.0,0.8161188262454755
0.8824733644789756,0.9171166619734641,0.8698301966742111,0.8631693175828605,0.8798365009973232,87.65052950075643,1.367624810892587,0.0,0.0,0.0,0.0,0.0,274.2,10.568627450980392,110.0,104.0,113.0,41.0,0.787171149009314
0.8768621859608872,0.90337455069487,0.8554615074566707,0.859354685352267,0.8893033206213375,68.78560490045942,1.457886676875957,0.0,0.0,0.0,0.0,0.0,101.18181818181819,10.94818652849741,95.0,67.0,113.0,88.0,0.786581278536971
0.9090168650706464,0.9249945130940352,0.9018039665560826,0.9024168294422225,0.9068794634090885,99.26566863088601,1.7518155757286191,0.004083551383743219,0.0006185687412462242,0.0007063655948424625,0.0005108180572872045,0.0005746703144481051,165.875,11.72953128746104,107.0,108.5,107.5,51.5,0.8177091035743476
0.905283316954041,0.9259102052309884,0.9014603292716956,0.8986776423898553,0.8951203505617049,76.82809714795009,1.86288435828877,0.003938886113613054,0.0004948549929969794,0.0004509565661988603,0.000502836525142092,0.0005547164840853237,125.125,13.286177147239265,114.5,108.5,118.0,53.5,0.8108635471674772
0.9046634714553135,0.9253278685130277,0.8945601959507643,0.8982637274052026,0.9005374177079135,92.26008530073403,1.540745572683334,0.0047160878062433905,0.000586642612665774,0.0007023748287699063,0.0005387534197950985,0.0006584764019717871,82.06490384615384,10.64695406534021,130.0,131.0,102.5,76.0,0.8155604631044746
0.8993131036579156,0.9165182786437197,0.8849150983371056,0.8948676608894263,0.9009807873169421,73.25930029847592,1.5460722681528831,0.004395828828920748,0.0006465041037541183,0.0007103563609150188,0.0004589380983439728,0.0006345318055364494,78.11666666666667,11.808631947762382,110.5,112.0,116.5,120.5,0.8109202143038015
0.9229193172083896,0.9597255925858442,0.9005363842123213,0.9170376915842454,0.9144405171611942,131.78559652278176,1.5348811859603226,0.007335028041358453,0.0004908642269244231,0.0014286942539751503,0.0011134237342432037,0.001105442202098091,129.125,10.752698412698411,110.0,102.5,320.5,86.0,0.807778859796408
0.925013299020396,0.9628024009872289,0.9092461683150921,0.907328517243874,0.9207407062908877,85.77605999516643,1.4009708394489735,0.00790670528125214,0.00042302120369096626,0.0013209435700161304,0.0011772759914041042,0.0012371374824924485,177.95,10.13143879504036,115.0,116.5,328.5,57.5,0.8328871409420026
0.9166390519207197,0.9761392059101224,0.8825897332547876,0.889950288862018,0.91797868932089,135.49078726968173,1.1926298157453936,0.007899721440625167,0.00026339056078871485,0.001356860464669137,0.0015963064290225142,0.0012371374824924485,109.28571428571429,9.352331606217616,110.0,94.0,436.0,77.0,0.8041282694295182
0.9237978609625668,0.9618791443850268,0.9128053475935829,0.9049240641711229,0.9155828877005348,102.98852567632684,1.181726268327941,0.008115262098105236,0.0004126229616425695,0.0012089852776127285,0.0012254901960784314,0.0010604410114214036,109.75,10.018617021276595,146.5,151.0,344.5,81.0,0.8351547327969414
0.9221494652406417,0.9720887700534759,0.9035475935828877,0.9006502673796791,0.912311229946524,71.39324116743471,1.087557603686636,0.009174671552122532,0.00034660328777975837,0.0013038885587905195,0.0014689377434475475,0.0009242754340793557,187.0,10.339285714285714,151.0,150.0,409.0,37.0,0.8328644672694215
0.883311629263118,0.9077387114674265,0.8672356059901405,0.8699206275385235,0.8883933277524572,96.55119409465914,1.2181719496309162,0.00429705736862498,7.981532145112571e-05,0.00012770451432180113,0.00015963064290225142,0.00012371374824924486,108.8,9.3203125,110.5,98.5,125.0,125.5,0.7918631945983126
0.8972369572668484,0.9231786577992744,0.8847187341745988,0.8869247305160244,0.8941700513647309,92.81011904761905,1.4952380952380953,0.004357916551231464,0.0005307718876499859,0.0006225595073187806,0.0005347626537225423,0.0005148088233597609,164.81666666666666,11.309397163120568,107.0,104.5,105.5,55.0,0.8106112565005545
0.9025001336898395,0.9180689839572193,0.8934299465240642,0.9007449197860963,0.8977566844919787,92.24605354017119,1.7364021775786482,0.004428475935828877,0.00026407869545124445,0.000243447547369116,0.0002393213177526903,0.0002517000066019674,185.15,11.414941381890745,70.0,69.0,94.0,61.0,0.8136595217238479
0.8828298144133981,0.9117570936376738,0.8624438036771773,0.8741202368771898,0.8830475718021062,77.42225609756098,1.6097560975609757,0.0,0.0,0.0,0.0,0.0,112.14285714285714,11.333333333333334,110.0,112.0,113.0,58.0,0.7903143724497005
0.9087599316153774,0.9217225571880538,0.8965481247222481,0.9059074608046797,0.91088374208084,69.6245283018868,1.8735849056603773,0.0,0.0,0.0,0.0,0.0,229.5,12.587209302325581,110.0,112.0,113.0,41.0,0.7928048576286066
0.9121767071470409,0.9256436244223221,0.9046946537273018,0.9050305397947478,0.9133610310152027,85.97200746268656,2.0812611940298504,0.003397139619263538,0.0005068272912146483,0.00039508584118307224,0.0004589380983439728,0.000502836525142092,94.94444444444444,13.930969420949904,109.5,109.5,121.0,83.5,0.8128731050663489
0.8651148471866303,0.8897225074953206,0.8349951942454965,0.8380646761541563,0.8977190752281442,100.7681755829904,1.2345679012345678,0.0,0.0,0.0,0.0,0.0,114.0,9.658878504672897,62.0,64.0,113.0,134.0,0.7688050122594321
0.9016199473415659,0.9178532532176045,0.8788815510701847,0.8857506795233518,0.9240220547959364,91.90286525057167,1.4219646251756344,0.003335260333616639,9.976848141240321e-05,0.0001277036562078761,0.00012371291695137998,7.582404587342643e-05,82.15546218487395,11.083355724735036,109.5,100.5,136.5,159.0,0.7896264247344658
0.8922041375074767,0.9140667704692651,0.884874275261216,0.8742623425211091,0.8956505338004734,98.406988681031,1.370623726329769,0.004787921595549404,0.0005906333787383302,0.0006864117644796811,0.000642513337681562,0.000502836525142092,66.34313725490196,10.100165343915343,110.5,109.5,120.0,63.5,0.8067784423767428
0.911899482669399,0.9274035753921586,0.9018535743445054,0.9030441612666522,0.915323122396883,89.72367542688497,1.8696349518656454,0.003592687156818796,0.0005666887823029925,0.0005227903555048735,0.00039508584118307224,0.0004709103965616417,54.55,12.178389498432601,110.5,86.0,104.5,75.0,0.816014746857922
0.8601006251897565,0.9021775320958243,0.8367536851232503,0.8403913249927742,0.8611518848837689,103.30814981265686,1.73775440784625,0.0036934671364121856,9.564954008512809e-05,9.963493758867509e-05,8.369334757448708e-05,9.166414258158109e-05,131.7922077922078,15.094875621890548,110.5,113.0,86.5,94.0,0.7544630985464293
0.911395696648957,0.9234788847294231,0.9088642916937959,0.8887891565642472,0.9244711086307217,92.40117294090496,1.4842657579994842,0.004074572160079968,0.0005666887823029925,0.0005347626537225423,0.0007303101912778002,0.0003671504786751783,126.0,10.596909843026602,130.0,117.5,128.0,154.0,0.815695261578159
0.8617713519714343,0.9003091302115254,0.835261319360473,0.8507301646358478,0.8608506702218915,82.11822969290591,1.6631724380759927,0.00420127898288363,0.00016761217504736398,0.00016761217504736398,0.00017559370719247657,0.00011573221610413228,157.6142857142857,12.282151572894728,110.0,104.5,131.0,58.0,0.7523748424754153
0.8872009142074895,0.9114651488297361,0.8665457476823861,0.8849672898645087,0.8858669477774677,87.49918253311259,1.3823140866445915,0.00502836525142092,0.00048687346085186684,0.0007343009573503566,0.000642513337681562,0.0005626980162304363,164.3,10.078518550034037,84.0,109.0,90.0,41.0,0.8121182327321635
0.8938376294295819,0.9099008629971344,0.8771752498475593,0.8970338676505545,0.8912679957419981,81.24183006535948,1.7696078431372548,0.0,0.0,0.0,0.0,0.0,105.16666666666667,11.60752688172043,110.0,112.0,113.0,42.0,0.7964488335020963
0.9087069423212826,0.9238453686372596,0.899209892619808,0.8969418865428539,0.9148564991370312,94.7584260919189,1.8030395609843266,0.003902969218960047,0.0005227903555048735,0.0006624671680443434,0.00021550136791803943,0.00039508584118307224,192.5,11.794759348273924,129.0,104.5,118.5,93.5,0.8124338482232853
0.90251068445108,0.9221703094200857,0.8954769065409935,0.8934626236319102,0.8989665044078587,96.92477734398828,1.440806616064348,0.004443718021791424,0.0006704487001894559,0.0007143471269875751,0.00048288269477931054,0.0006305410394638931,289.08333333333337,11.115300604672225,110.0,100.5,110.5,60.0,0.8141136329671099
0.8637114063462047,0.8884952005101787,0.8475898882791264,0.8462463440093428,0.87255655804628,67.61842612895506,1.9146880142990392,0.00402867835024557,0.00020352906970037057,0.00024343673042593342,0.000195547537555258,0.00010775068395901971,128.625,12.240070310651387,110.5,104.5,80.5,93.0,0.7486814511305824
0.784592927591218,0.8377045620239814,0.7643177468208593,0.7435214916158654,0.7928484563179161,95.01958373420031,1.205868692565438,0.004931699107616673,0.0006938472971298169,0.0008493647947623621,0.0004984535180530293,0.0007177730659963622,112.61931818181819,15.21923076923077,97.5,70.5,111.5,47.0,0.7439061179657998
0.9055450323699965,0.9277571184840403,0.9079263944439278,0.8920214140286691,0.8945131719013217,101.31846777575842,1.5427326529661216,0.003995754530146981,0.0005387534197950985,0.00041104890547329743,0.0004948549929969794,0.0006185687412462242,134.19642857142856,10.223767470968639,109.5,112.0,118.0,71.5,0.8184129384247107
0.915840076759516,0.9332015785724934,0.9105902293326719,0.9088658419371841,0.9107323349765912,90.59982148991509,1.7888581488933601,0.003959837635493974,0.00034320588223984055,0.0007023748287699063,0.0005108180572872045,0.0005227903555048735,148.54166666666669,11.769132653061224,110.5,109.0,115.5,65.0,0.8176975520805249
0.8880291443850268,0.9282930481283422,0.8748983957219252,0.8531347593582888,0.8957903743315508,82.79440559440559,1.379020979020979,0.009770911731696046,0.000486895094738232,0.001799036112761603,0.0019310754604872252,0.001312141018023371,38.09090909090909,10.591160220994475,109.0,111.0,115.0,146.0,0.7966795978556572
0.9058667112299466,0.9317614973262032,0.8787641711229947,0.8865117647058824,0.9264294117647058,84.02997296824041,1.5490949285354696,0.008365930547303096,0.0008087410048194362,0.0016009770911731697,0.0014111705288175876,0.0009531590413943355,131.03333333333333,12.081699346405228,109.5,137.0,136.5,222.5,0.7969601319776294
0.8778705334548554,0.9150016150138311,0.8634225240029352,0.8417997292241549,0.8913217375127895,85.83402489626556,1.3070539419087137,0.0,0.0,0.0,0.0,0.0,42.878787878787875,11.440860215053764,110.0,112.0,113.0,72.0,0.7952852099269542
0.8913992172059598,0.9116923895579003,0.8755309583604626,0.8829271695656218,0.8954810405233622,95.92708590679393,1.3221130451057457,0.005441409539930496,0.0006983840626973499,0.0009498023252683959,0.0008699870038172702,0.00042302120369096626,165.8125,11.250747863247863,110.0,119.5,98.0,76.0,0.8149936327514995
0.9222131379329419,0.9234064161600768,0.9194369516014014,0.9191532570613586,0.926857966700772,76.62979560130117,2.4025197844346264,0.0029112638499298104,0.0004509565661988603,0.00031527051973194653,0.00039508584118307224,0.0003791227768928471,326.75,13.696316225165564,130.0,131.0,110.0,77.5,0.8054496760215177
0.879232229070909,0.915258360802372,0.8680598187248731,0.8536022488864085,0.8800700710011472,90.16160220994475,1.4295580110497237,0.0,0.0,0.0,0.0,0.0,76.4,10.219626168224298,110.0,112.0,113.0,8.0,0.795249438699301
0.911375017900042,0.9398572990343046,0.8914927810332889,0.9008123275354231,0.9133863516572102,99.93836636274584,1.7966543591289277,0.003804197758664279,0.0003551781804575094,0.0007143471269875751,0.0005187995894323171,0.0004349935019086351,144.5,10.992837005926011,90.5,91.0,193.5,76.0,0.8171254603807179
0.9018204019638607,0.9097864661840951,0.8797946444258415,0.8836619849316343,0.9340521295176676,110.67630952380952,1.7841666666666667,0.0034769549407146637,0.0004629288644165291,0.00047490116263419795,0.0004429750340537477,0.0003711412447477346,242.40476190476193,11.290108647222127,115.0,116.5,117.5,261.0,0.7825659393157574
0.9076528430953399,0.9183444865912442,0.9014432765944254,0.9034492915387715,0.9073925939705867,99.87299078465655,1.647945384117539,0.004181325152520848,0.0006704487001894559,0.0004509565661988603,0.00048288269477931054,0.0005946241448108866,213.83333333333334,11.291071428571428,110.0,107.5,88.5,56.0,0.817960131474669
0.929000291053391,0.9360972155505127,0.9209706590601391,0.9192018313541892,0.9397435897435897,84.52126436781609,2.872167487684729,0.00281448777267032,0.0003312335840221717,0.00042701196976352256,0.00039907660725562854,0.00023545519828082085,139.12857142857143,14.905109489051096,110.5,103.0,118.5,145.0,0.8072542772986582
0.8924944154453711,0.913610218482384,0.8779131657003483,0.8854649179921248,0.8930254549964345,98.20519098606114,1.3933278755628327,0.0045774086852220595,0.0007023748287699063,0.0005427441858676549,0.0006345318055364494,0.0007063655948424625,125.05555555555556,10.11164676728993,79.0,73.0,97.5,92.5,0.813461201562012
0.9336951425101829,0.9670723526196352,0.9210275013177068,0.9105757603943819,0.9361620107690241,77.7230524090171,2.1274041653473335,0.005821530008341482,0.0003511874143849531,0.000993700752066515,0.0010934699038804222,0.0008979223663251642,103.36842105263158,13.2296813462227,112.0,112.0,332.5,125.0,0.8294719415384741
0.9308270000356709,0.9356013234831293,0.9245274341404934,0.9178066123047985,0.9453807914509245,82.412637995697,2.869946036187498,0.0027157163123745524,0.00040705813940074113,0.0004948549929969794,0.00032325205187705913,0.00023545519828082085,116.125,15.517115935114504,110.5,103.5,119.0,191.0,0.8075762808528792
0.9169762447702152,0.950302090407646,0.900220134561126,0.90147686520117,0.9159628561684184,105.93507379905256,1.2951113837159225,0.008181070448740385,0.0006465041037541183,0.0013209435700161304,0.000881959302034939,0.0011653036931864355,101.05714285714285,9.4386349724546,111.5,113.0,308.0,133.5,0.8313788606351453
0.9047420507011905,0.9212934397309966,0.8988502361537427,0.8953032792815139,0.9035495406112093,91.60425831960461,1.993078088962109,0.0036305994345080805,0.00013169528039435742,0.00011573221610413228,0.00010375991788646342,0.00016761217504736398,166.54166666666669,13.034530938123753,109.5,111.0,86.5,68.0,0.7914618121408652
0.9060436487032097,0.9217158279637574,0.8876988187145383,0.9074034456743042,0.9073832925102574,104.36266924564796,2.2687238982645077,0.0034330565139165446,0.0004389842679811914,0.0005826518465932177,0.0003711412447477346,0.0004709103965616417,106.0,13.525864157648199,110.5,112.0,106.5,81.0,0.7772842848176482
0.8941258394925848,0.9250819930098888,0.8686117053710766,0.8717204601122376,0.9111421159788754,69.61690647482014,1.8381294964028776,0.0,0.0,0.0,0.0,0.0,220.75,13.883116883116884,110.0,112.0,113.0,62.0,0.778942309914113
0.915904439365514,0.9235125308509053,0.9072137992331463,0.9134850504862597,0.919419382176335,73.09555544068998,2.1049352404300565,0.003493915696523028,0.0005187995894323171,0.0005307718876499859,0.00042701196976352256,0.0004549473322714165,256.9642857142857,12.766408322859935,110.5,82.0,86.5,77.5,0.8053126062818782
0.885427840730208,0.9062598350201255,0.8754255418100642,0.8727580896867475,0.8873035066505441,98.54634831460675,1.3497191011235956,0.0,0.0,0.0,0.0,0.0,88.0,10.441176470588236,110.0,108.0,113.0,72.0,0.7957588158648325
0.8730795258156087,0.9066170015404748,0.8405150942031232,0.8506712553870958,0.8945720811500739,87.61867704280155,1.2710765239948119,0.0,0.0,0.0,0.0,0.0,83.1,9.645739910313901,110.0,111.0,113.0,36.0,0.7966104272982758
0.9083093933733914,0.9300051970316874,0.8816084291900494,0.8976250271292593,0.9240360069864302,95.39581419723405,1.794375354527733,0.0034719664831239683,0.00031527051973194653,0.0007343009573503566,0.00042701196976352256,0.0002953166893691651,152.8,10.145408163265305,108.5,112.0,144.0,163.5,0.8191770964384057
0.8978031672605775,0.9203782652266816,0.8865237342262735,0.8899461548796495,0.8944031046207588,98.42807560790274,1.357220744680851,0.005090222125545542,0.000726319425205244,0.0007941624484387008,0.0005467349519402111,0.0007422824894954691,166.8,10.380736661986662,106.0,106.0,84.0,54.0,0.8149489390083328
0.8844256968609142,0.9205185436716304,0.8683378290391591,0.8672784960572143,0.8816296158496884,77.1018922852984,1.4585152838427948,0.0,0.0,0.0,0.0,0.0,153.5,11.388297872340425,105.0,101.0,113.0,60.0,0.7976921647451836
0.9174382855662849,0.9752261019363602,0.8964447751630339,0.8980063870027595,0.9001746607550719,97.21037037037037,0.8844444444444445,0.00826288115322779,0.00027935362507894,0.0012531005467826737,0.0012610820789277861,0.0009897099859939589,123.0,7.905579399141631,111.0,113.0,429.0,38.0,0.8335166040652224
0.8989686732462999,0.9188890361266171,0.8799977263096972,0.8938145288810343,0.9032074535702106,100.1754217653777,1.4660336107032141,0.004500586438325351,0.0006265502733913368,0.0007662270859308068,0.0003791227768928471,0.0006624671680443434,140.71428571428572,9.974964985994397,99.0,100.5,119.5,75.5,0.8165959758733341
0.8766197276298586,0.9133627900813305,0.8649520974793042,0.8633264089128659,0.8649004226996971,88.5054347826087,1.2595108695652173,0.0,0.0,0.0,0.0,0.0,109.8,11.357894736842105,110.0,112.0,113.0,36.0,0.7917658857872573
0.9155074073863457,0.9753710390750526,0.8893033206213375,0.8930848809929826,0.9043727198503498,109.61951909476662,1.0707213578500707,0.008845532999821007,0.0003591689465300657,0.0018118077969405536,0.0017240109433443154,0.00111741450031576,110.0,9.195979899497488,111.0,113.0,421.0,57.0,0.8322253134900716
0.8564380980905331,0.9066309491252932,0.8408891370778848,0.8233463115495784,0.8549717943547345,100.70397111913357,0.9494584837545126,0.0,0.0,0.0,0.0,0.0,40.63636363636363,9.508849557522124,110.0,99.0,114.0,49.0,0.7849157779682103
0.8769152023074892,0.9082925192054297,0.8518901143220562,0.8557184295841284,0.8918133825574842,91.63067292644757,1.618153364632238,0.0,0.0,0.0,0.0,0.0,139.5,12.793939393939393,110.0,46.0,114.0,53.0,0.7655142432185619
0.8751200013647974,0.9124973083102814,0.8691077832553045,0.8628251635506775,0.8561136431753119,101.73641304347827,1.3043478260869565,0.0,0.0,0.0,0.0,0.0,59.13333333333333,10.7363184079602,63.0,64.0,113.0,36.0,0.7937280574861082
0.8714924318363815,0.910900929254112,0.860188716295125,0.8466003162496512,0.8683471304994884,94.73003802281369,1.1102661596958174,0.0,0.0,0.0,0.0,0.0,49.916666666666664,9.90783410138249,110.0,112.0,113.0,52.0,0.791306343850261
0.8760112554430345,0.9150533782776499,0.8641955787058568,0.867656755443938,0.8572060480162053,90.67817679558011,1.4613259668508287,0.0,0.0,0.0,0.0,0.0,101.5,11.363157894736842,110.0,66.0,113.0,36.0,0.7936582017220949
0.920819002529528,0.9767758940550927,0.9061978730660714,0.8981252389958557,0.9022726568071188,80.82078853046595,1.5519713261648747,0.007169411249347367,0.00013568604646691372,0.0012610820789277861,0.0013329158682337994,0.0014207127218300376,105.0,10.96987951807229,111.0,113.0,462.0,37.0,0.828893364709686
0.8545772152239017,0.9123917112520913,0.8316818073770915,0.8217530152233901,0.8525811552413729,62.39355581127733,1.2669735327963176,0.009414217165160277,0.00027935362507894,0.0003112797536593903,0.0006465041037541183,0.0005986149108834428,78.8,9.241379310344827,108.0,111.0,115.0,52.0,0.7782686808441758
0.8481766254659827,0.9046551738417452,0.8283735879866473,0.8273070205355574,0.8324672640271189,81.78940568475453,1.1627906976744187,0.0,0.0,0.0,0.0,0.0,110.16666666666667,12.274285714285714,97.0,98.0,114.0,52.0,0.7516859928026322
0.8772473276594293,0.9130356462539961,0.8608790913506754,0.8682065750989572,0.8669291745470705,96.28815789473684,1.2092105263157895,0.0,0.0,0.0,0.0,0.0,57.416666666666664,10.075117370892018,110.0,112.0,113.0,50.0,0.7981969556744418
0.8731666350454131,0.903642684401451,0.8557188478591139,0.851060883225333,0.8822962205066195,74.27846364883402,1.1824417009602195,0.0,0.0,0.0,0.0,0.0,42.64705882352941,9.981308411214954,110.0,112.0,113.0,65.0,0.7902002602609668
0.8699469538393457,0.9105975965281343,0.8508376481774306,0.8590291342407425,0.8593929246891762,94.59294436906377,1.162822252374491,0.0,0.0,0.0,0.0,0.0,106.0909090909091,11.198952879581151,110.0,109.0,113.0,52.0,0.7825463444410073
0.8749946364495002,0.9119941693859634,0.8563554811438729,0.8565125724738784,0.8751795698591346,98.2217847769029,1.3464566929133859,0.0,0.0,0.0,0.0,0.0,76.2,8.94142259414226,110.0,112.0,113.0,53.0,0.7996703894003316
0.8799438365179468,0.9132054297593215,0.8603478746163148,0.8680897900970452,0.87818910902345,92.15249662618083,1.2172739541160593,0.0,0.0,0.0,0.0,0.0,129.33333333333334,10.873737373737374,110.0,112.0,113.0,45.0,0.7974389063081087
0.8802814170939844,0.9098708403041196,0.8622505400014469,0.8691914963982679,0.8798633718827189,80.56135770234987,1.1409921671018277,0.0,0.0,0.0,0.0,0.0,71.85714285714286,9.508928571428571,110.0,112.0,113.0,64.0,0.7956085114713624
0.9053441641727233,0.9751386417249513,0.876089549926408,0.8728143155937718,0.8974534562449971,98.04385964912281,1.1812865497076024,0.008999266017231456,0.00035095741613843035,0.001667047726657544,0.0018185975199900481,0.0012363272613967434,233.75,11.519480519480519,112.0,110.0,437.0,101.0,0.791313440716902
0.8852926534091761,0.9139373623097182,0.8700927045546151,0.8700430967661923,0.8871464153205386,88.38045112781955,1.4601503759398495,0.0,0.0,0.0,0.0,0.0,174.4,11.462765957446809,110.0,112.0,113.0,36.0,0.791974218963718
0.8645255028425525,0.8998039207566547,0.8563451461879515,0.8423464483923976,0.8596668010210936,78.97695262483995,1.259923175416133,0.0,0.0,0.0,0.0,0.0,62.23076923076923,10.492753623188406,110.0,110.0,113.0,19.0,0.7911154240803141
0.8772904945477894,0.909186529956436,0.8706910985024648,0.8620283384491365,0.8673105344205707,91.0135685210312,1.2618724559023067,0.0,0.0,0.0,0.0,0.0,67.3,10.52450980392157,110.0,111.0,113.0,53.0,0.7903224970104269
0.8790109664575183,0.9120355799970185,0.8642193491044761,0.8635393090048471,0.8763060800545686,94.26869806094183,1.3559556786703602,0.0,0.0,0.0,0.0,0.0,53.0,10.703517587939698,109.0,101.0,113.0,60.0,0.793479136951788
0.8722123107829853,0.9093252555034702,0.8604563916534896,0.8532053865790262,0.8659256503271013,86.5019920318725,1.1208499335989375,0.0,0.0,0.0,0.0,0.0,126.0,10.630541871921181,110.0,112.0,113.0,36.0,0.7920620096342164
0.8297653013695019,0.892847973364695,0.8245878936326336,0.798471460019223,0.8032617120887979,85.35106382978724,0.9515366430260047,0.0,0.0,0.0,0.0,0.0,27.785714285714285,9.897674418604652,108.0,99.0,114.0,69.0,0.7447115302875504
0.9135904873619242,0.9683229530734956,0.8846133176242004,0.9006324993023904,0.9008867392180573,114.8467852257182,1.0410396716826265,0.00877768997658755,0.00039907660725562854,0.0014286942539751503,0.0012930082075082365,0.001005673050284184,100.2,7.2745098039215685,108.0,105.0,407.0,51.0,0.8378115409081182
0.8511688404339849,0.9045930579251628,0.8158589898614083,0.8497535113012743,0.8345611260967972,91.3050139275766,1.224233983286908,0.0,0.0,0.0,0.0,0.0,93.5,10.339712918660288,110.0,112.0,113.0,35.0,0.753198668945372
0.8698019441125793,0.9054761392059101,0.8558314988786573,0.8595572504883267,0.858403869407497,92.66977829638273,1.087514585764294,0.0,0.0,0.0,0.0,0.0,33.09090909090909,8.19245283018868,107.0,108.0,113.0,26.0,0.7921829754187543
0.8687809308849005,0.8964745076278345,0.8452629729534203,0.8553891627652208,0.8780444196405502,84.81420765027322,1.2568306010928962,0.0,0.0,0.0,0.0,0.0,38.95,9.84037558685446,104.0,109.0,113.0,105.0,0.7908489368092777
0.8836295157702309,0.9182256834812587,0.8565571015661759,0.8742633181834634,0.8855310985982492,95.60275862068966,1.44,0.0,0.0,0.0,0.0,0.0,80.33333333333333,11.67027027027027,107.0,97.0,114.0,36.0,0.7936217253055903
0.8621783705478554,0.9056903595786822,0.8443761924705664,0.8438022554175004,0.8549190541931014,95.70615034168564,0.929384965831435,0.0,0.0,0.0,0.0,0.0,88.125,9.384279475982533,110.0,110.0,114.0,49.0,0.7889488012988772
