feature,mean,optimum
whitespace_ratio_avg,0.8988307067855977,0.7663774398985087
section_whitespace_avg_0,0.9259631572518048,0.8001171763731
section_whitespace_avg_1,0.8833711189557004,0.716683719343937
section_whitespace_avg_2,0.8854959862065016,0.7286257609111297
section_whitespace_avg_3,0.9005343766214062,0.7597835860230057
bbox_h_spacing_avg,92.44710647562296,42.38844318626927
bbox_v_spacing_avg,1.5697254892532124,0.4350393700787401
char_density_avg,0.005014632783134514,0.0115753096520486
block_density_avg_0,0.00039515410259427454,0.0011611857168544
block_density_avg_1,0.000758479750005178,0.0022436020087778
block_density_avg_2,0.0007199382619717073,0.0021308356453618
block_density_avg_3,0.0006460361570120134,0.0020839150330641
line_spacing_avg,126.80242016681954,25.529411764705884
section_sep_avg,11.256857556099199,5.354166666666667
margin_left_avg,110.74196597353497,0.0
margin_right_avg,108.75866414618778,1.0
margin_top_avg,149.81947069943288,0.0
margin_bottom_avg,89.91461877756772,1.0
padding_avg,0.8048937675868866,0.3759514565780515
